Aprendizaje automático,Ciencia de datos,Inglés,Microsoft Power BI,Tableau,Trabajo en equipo,Analítica,Estadística,Matemáticas,Análisis de datos,Análisis cuantitativo,Comunicación,Resolución de problemas,SQL,Ciencias de la computación,Panel de control,Inteligencia empresarial,Capacidad de análisis,Python,Visualización,Visualización de datos,Análisis de negocio,Bases de datos,Análisis estadístico,Big data,Modelado de datos,Extraer,transformar,cargar (ETL),Google BigQuery,Indicadores clave de desempeño,Analítica de datos,Almacenamiento de datos,Conocimientos comerciales,Manipulación de datos,Recogida de datos,Atención al detalle,Calidad de datos,Presentaciones,R (Lenguaje de programación),Datasets,Habilidades sociales,Gobierno de datos,Análisis de datos estadísticos,Modelos estadísticos,Microsoft Azure,Google Cloud,Amazon Web Services (AWS),Minería de datos,Herramientas ETL,Qlik Sense,Modelo de datos,Snowflake cloud,Buena práctica clínica,Arquitectura de datos,Necesidades empresariales,Snowflake,Ingeniería de datos,DevOps,Pensamiento crítico,Análisis predictivo,Aprendizaje profundo,Procesamiento de lenguaje natural,Java,Gestión de datos,Amazon Redshift,NoSQL,Pandas (Software),Apache Spark,Canalizaciones de datos,Desarrollo de software,PySpark,Lenguajes de programación,Scala,Reconocimiento de patrones
25,44,37,37,32,29,45,40,30,41,4,27,26,21,6,26,11,37,16,14,44,11,26,2,1,26,18,18,18,2,8,52,5,6,2,1,11,7,7,1,8,7,5,2,1,4,4,7,4,1,14,2,5,1,3,7,4,1,2,4,1,1,1,1,3,1,0,0,0,0,0,0,0,0,0
1,26,33,2,2,0,21,33,8,31,0,27,46,20,0,14,0,54,2,20,31,1,40,2,3,16,7,7,7,3,8,72,3,8,7,1,5,3,8,5,10,0,3,0,0,0,0,0,26,0,1,3,1,0,0,3,2,5,0,3,1,0,0,0,2,1,3,1,1,1,1,1,0,0,0
18,21,4,0,0,0,23,1,0,1,0,4,19,19,5,3,2,6,0,1,3,0,4,18,0,2,3,3,3,0,0,7,2,0,0,0,2,2,0,18,0,0,1,0,0,0,0,0,0,2,1,0,2,0,1,6,2,0,0,1,0,0,0,0,4,0,0,0,0,0,0,0,0,0,0
3,38,16,9,3,7,5,2,1,8,1,25,13,40,9,0,8,12,44,0,6,0,37,0,15,23,54,54,54,5,0,14,35,0,1,1,5,7,0,1,2,1,6,0,0,18,13,30,3,6,1,4,4,0,10,4,11,62,10,1,0,0,2,11,2,6,4,2,11,13,6,6,3,13,2
1,38,1,3,0,0,7,1,1,3,0,19,7,12,10,1,0,7,14,1,4,0,24,2,13,9,34,34,34,2,1,17,26,0,2,2,3,4,3,1,3,1,0,0,0,3,6,0,3,2,0,3,2,5,3,6,6,41,0,0,1,0,2,2,1,1,0,1,5,5,2,3,1,7,1
1,2,2,0,0,1,0,0,0,0,0,5,0,9,2,0,0,0,5,1,0,0,11,0,4,2,13,13,13,3,0,2,5,0,1,0,0,3,0,0,1,0,2,0,0,2,4,4,0,2,0,2,0,2,3,1,0,11,0,0,0,0,0,2,2,0,2,0,4,3,2,3,0,3,0
13,45,1,3,5,2,7,10,3,8,0,11,5,16,4,2,4,8,35,2,13,0,4,1,0,2,1,1,1,1,0,18,2,0,2,1,4,0,2,4,2,2,0,8,7,6,2,2,3,1,0,0,0,0,0,1,2,15,2,0,19,16,20,0,0,0,0,2,0,0,1,4,1,0,6
3,21,0,0,1,0,6,4,3,0,0,7,2,1,6,0,0,1,5,0,7,0,1,2,0,1,0,0,0,0,0,10,0,0,1,0,0,1,4,3,1,1,0,8,5,0,0,0,2,0,0,1,1,0,0,1,1,10,0,0,17,8,14,0,0,0,1,4,0,0,0,0,1,0,4
4,23,1,1,1,1,5,5,4,0,0,14,0,2,4,0,0,16,17,2,7,0,1,2,1,0,0,0,0,0,0,14,0,0,1,0,0,0,3,15,0,0,0,1,1,0,2,0,2,0,0,0,0,4,0,0,0,2,0,0,19,17,19,0,0,0,1,1,0,0,0,0,11,1,1
